complement_component_loss,complement_energy,constraint_violation_max,constraint_violation_mean,loss,protected_component_loss,protected_energy,rollout_protected_relative_drift,rollout_violation_final,variant
3.3466626518929843e-06,4.917168553220108e-06,0.006850667763501406,0.0018630356062203646,0.012757636606693268,0.012753928080201149,1.0296217203140259,2.514665126800537,0.04940821975469589,vanilla
3.958398792747175e-06,4.769923179992475e-06,0.0132184699177742,0.0015016237739473581,0.013625326566398144,0.013621121644973755,1.01296067237854,2.3014636039733887,0.21459516882896423,soft_penalty
5.426994675872265e-07,1.318451038242786e-24,2.2669846657663584e-06,8.055541229623486e-07,0.01193722803145647,0.01193639449775219,1.0108176469802856,2.0119857788085938,1.3177825621824013e-06,output_projection
5.426994675872265e-07,1.318451038242786e-24,2.2669846657663584e-06,8.055541229623486e-07,0.01193722803145647,0.01193639449775219,1.0108176469802856,2.0119857788085938,1.3177825621824013e-06,layerwise_projection
4.777400164357459e-08,8.257899253294454e-07,0.00347604020498693,0.0008019296219572425,0.0032466785050928593,0.003246630309149623,0.9877246022224426,3.045811172341928e-05,0.0007662242278456688,split_gap_protected
