{
  "config": {
    "core_type": "mlp",
    "depth": 2,
    "epochs": 60,
    "lr": 0.002,
    "penalty_weight": 10.0,
    "seed": 0
  },
  "dataset": {
    "codim": 16,
    "complement_scale": 0.25,
    "dataset": "grid_divergence",
    "dim": 32,
    "num_samples": 160,
    "nx": 4,
    "ny": 4,
    "train_samples": 120
  },
  "experiment": "divergence_free_sanity",
  "results": [
    {
      "codim": 16,
      "commutator_error": 0.0,
      "commutator_error_incompatible": 0.022086307842726933,
      "complement_component_loss": 0.01476569940667738,
      "complement_leakage": 4.618314059023425,
      "complement_sigma_proxy": 0.7504002343591519,
      "constraint_violation_max": 2.1659453139595897,
      "constraint_violation_mean": 1.4060848607393814,
      "constraint_violation_p95": 1.8841179201951037,
      "core_type": "mlp",
      "dim": 32,
      "gap_lambda_min_plus": 1.9999999999999993,
      "gap_nullity": 17,
      "gap_ratio": 0.24999999999999994,
      "protected_component_loss": 0.002841126066783927,
      "protected_leakage": 4.4973092303326805,
      "rollout_protected_relative_drift": 0.3898947680909897,
      "rollout_violation_final": 2.1665340413610106,
      "rollout_violation_max": 2.1665340413610106,
      "rollout_violation_mean": 1.7881106547744654,
      "routing_commutator_error": 0.0,
      "routing_commutator_error_random": 0.4792481957151111,
      "target_constraint_violation_mean": 5.188451292856527e-15,
      "test_loss": 0.01760682547346131,
      "train_loss": 0.004640476694457353,
      "train_pred_loss": 0.004640476694457353,
      "train_pred_loss_after_step": 0.0044853798058140755,
      "variant": "vanilla"
    },
    {
      "codim": 16,
      "commutator_error": 0.0,
      "commutator_error_incompatible": 0.022086307842726933,
      "complement_component_loss": 0.015181749716341167,
      "complement_leakage": 6.627309313464602,
      "complement_sigma_proxy": 0.753627826057874,
      "constraint_violation_max": 2.01106941323004,
      "constraint_violation_mean": 1.369935805039114,
      "constraint_violation_p95": 1.8003708176521813,
      "core_type": "mlp",
      "dim": 32,
      "gap_lambda_min_plus": 1.9999999999999993,
      "gap_nullity": 17,
      "gap_ratio": 0.24999999999999994,
      "protected_component_loss": 0.028259432675414364,
      "protected_leakage": 3.920377364787827,
      "rollout_protected_relative_drift": 1.198455073956291,
      "rollout_violation_final": 1.9174340621937573,
      "rollout_violation_max": 1.9174340621937573,
      "rollout_violation_mean": 1.5986559315214766,
      "routing_commutator_error": 0.0,
      "routing_commutator_error_random": 0.4792481957151111,
      "target_constraint_violation_mean": 5.188451292856527e-15,
      "test_loss": 0.043441182391755526,
      "train_loss": 0.22932068377562334,
      "train_pred_loss": 0.0308421371152001,
      "train_pred_loss_after_step": 0.030421333799823414,
      "variant": "soft_penalty"
    },
    {
      "codim": 16,
      "commutator_error": 0.0,
      "commutator_error_incompatible": 0.022086307842726933,
      "complement_component_loss": 2.384362992185842e-31,
      "complement_leakage": 2.6740065481016537,
      "complement_sigma_proxy": 1.9869194667352023e-11,
      "constraint_violation_max": 3.268068019598693e-15,
      "constraint_violation_mean": 2.2984261261541505e-15,
      "constraint_violation_p95": 3.118220789770314e-15,
      "core_type": "mlp",
      "dim": 32,
      "gap_lambda_min_plus": 1.9999999999999993,
      "gap_nullity": 17,
      "gap_ratio": 0.24999999999999994,
      "protected_component_loss": 0.0015066708153792505,
      "protected_leakage": 3.270299212317164e-15,
      "rollout_protected_relative_drift": 0.2780803373233946,
      "rollout_violation_final": 1.933537422052949e-15,
      "rollout_violation_max": 2.3914779791056947e-15,
      "rollout_violation_mean": 2.0665513774239374e-15,
      "routing_commutator_error": 0.0,
      "routing_commutator_error_random": 0.4792481957151111,
      "target_constraint_violation_mean": 5.188451292856527e-15,
      "test_loss": 0.0015066708153792505,
      "train_loss": 0.00029870674414717426,
      "train_pred_loss": 0.00029870674414717426,
      "train_pred_loss_after_step": 0.00028983295269659264,
      "variant": "output_projection"
    },
    {
      "codim": 16,
      "commutator_error": 0.0,
      "commutator_error_incompatible": 0.022086307842726933,
      "complement_component_loss": 2.0224847334441665e-31,
      "complement_leakage": 2.8748176617919485,
      "complement_sigma_proxy": 2.054989559416323e-11,
      "constraint_violation_max": 2.829233477803552e-15,
      "constraint_violation_mean": 1.7929621168314473e-15,
      "constraint_violation_p95": 2.7046432293061893e-15,
      "core_type": "mlp",
      "dim": 32,
      "gap_lambda_min_plus": 1.9999999999999993,
      "gap_nullity": 17,
      "gap_ratio": 0.24999999999999994,
      "protected_component_loss": 0.0016494828920083089,
      "protected_leakage": 2.381872070845504e-15,
      "rollout_protected_relative_drift": 0.2793405936724848,
      "rollout_violation_final": 1.6515183530679544e-15,
      "rollout_violation_max": 1.829043534470022e-15,
      "rollout_violation_mean": 1.7365658577291176e-15,
      "routing_commutator_error": 0.0,
      "routing_commutator_error_random": 0.4792481957151111,
      "target_constraint_violation_mean": 5.188451292856527e-15,
      "test_loss": 0.0016494828920083089,
      "train_loss": 0.00020355597974440985,
      "train_pred_loss": 0.00020355597974440985,
      "train_pred_loss_after_step": 0.00019737469435732833,
      "variant": "layerwise_projection"
    },
    {
      "codim": 16,
      "commutator_error": 0.0,
      "commutator_error_incompatible": 0.022086307842726933,
      "complement_component_loss": 1.9706568418123073e-31,
      "complement_leakage": 2.5299678435368134e-16,
      "complement_sigma_proxy": 1.2968441747518273e-11,
      "constraint_violation_max": 2.5836550054614797e-15,
      "constraint_violation_mean": 1.5841568586759051e-15,
      "constraint_violation_p95": 2.3240214810568405e-15,
      "core_type": "mlp",
      "dim": 32,
      "gap_lambda_min_plus": 1.9999999999999993,
      "gap_nullity": 17,
      "gap_ratio": 0.24999999999999994,
      "protected_component_loss": 1.1785067150966627e-31,
      "protected_leakage": 6.360087377767062e-16,
      "rollout_protected_relative_drift": 2.0037650992669927e-15,
      "rollout_violation_final": 1.6122856638373167e-15,
      "rollout_violation_max": 1.6624500130226044e-15,
      "rollout_violation_mean": 1.5970878299708041e-15,
      "routing_commutator_error": 0.0,
      "routing_commutator_error_random": 0.4792481957151111,
      "target_constraint_violation_mean": 5.188451292856527e-15,
      "test_loss": 2.7977260778223193e-31,
      "train_loss": 2.437989121255538e-31,
      "train_pred_loss": 2.437989121255538e-31,
      "train_pred_loss_after_step": 2.437989121255538e-31,
      "variant": "split_gap_protected"
    }
  ]
}