complement_component_loss,complement_energy,constraint_violation_max,constraint_violation_mean,loss,protected_component_loss,protected_energy,rollout_protected_relative_drift,rollout_violation_final,variant
3.266091152909212e-05,3.267945066909306e-05,0.017369862645864487,0.004804091062396765,0.0341360904276371,0.03410204499959946,1.0045973062515259,0.9354300498962402,0.043467480689287186,vanilla
1.6114085156004876e-05,1.7050086171366274e-05,0.01879025250673294,0.003621042473241687,0.03144712746143341,0.031430214643478394,1.0000967979431152,1.1054390668869019,0.0478520393371582,soft_penalty
4.194363967258141e-08,3.42987785275154e-27,4.788817022927105e-07,2.167970052369128e-07,0.026837682351469994,0.026837576180696487,1.0024648904800415,1.0154242515563965,1.9534309103619307e-07,output_projection
4.194363967258141e-08,3.42987785275154e-27,4.788817022927105e-07,2.167970052369128e-07,0.026837682351469994,0.026837576180696487,1.0024648904800415,1.0154242515563965,1.9534309103619307e-07,layerwise_projection
1.5815071918723334e-08,8.899668557660334e-09,0.0006399184348993003,0.0002063854190055281,0.01076239999383688,0.010762380436062813,0.9977002143859863,0.00010937087063211948,0.00012845480523537844,split_gap_protected
