{
  "config": {
    "constraint": "external_data/pdebench_ns/ns_incomp_64x64_divergence.npz",
    "data": "external_data/pdebench_ns/ns_incomp_64x64_pairs.npz",
    "implicit_constraint": true,
    "model": {
      "core": "patch_transformer",
      "depth": 2,
      "field_shape": [
        2,
        64,
        64
      ],
      "num_heads": 4,
      "patch_embed_dim": 128,
      "patch_layers": 2,
      "patch_size": 4
    },
    "output_dir": "runs/pdebench_ns_64x64_divergence",
    "spectral_proxy": {
      "enabled": true,
      "eps": 0.001,
      "sample_count": 1,
      "steps": 2
    },
    "training": {
      "batch_size": 16,
      "device": "cuda",
      "epochs": 20,
      "lr": 0.001,
      "penalty_weight": 10.0,
      "rollout_steps": 16,
      "seed": 0,
      "val_fraction": 0.2
    },
    "variants": [
      "vanilla",
      "soft_penalty",
      "output_projection",
      "layerwise_projection",
      "split_gap_protected"
    ]
  },
  "results": [
    {
      "complement_component_loss": 1.6180916645680554e-05,
      "complement_energy": 1.6180916645680554e-05,
      "complement_sigma_proxy": 0.8856434226036072,
      "constraint_violation_max": 0.959174633026123,
      "constraint_violation_mean": 0.33327561616897583,
      "constraint_violation_relative_max": 0.007858514785766602,
      "constraint_violation_relative_mean": 0.0037431439850479364,
      "eval_wall_seconds": 60.25856740004383,
      "loss": 4.403067578095943e-05,
      "peak_memory_mb": 205.364224,
      "protected_component_loss": 2.7849668185808696e-05,
      "protected_energy": 0.9988085627555847,
      "rollout_protected_relative_drift": 0.47518977522850037,
      "rollout_violation_final": 50.567596435546875,
      "train_wall_seconds": 482.9872097999323,
      "variant": "vanilla"
    },
    {
      "complement_component_loss": 7.360737981798593e-06,
      "complement_energy": 7.360737981798593e-06,
      "complement_sigma_proxy": 0.8337897658348083,
      "constraint_violation_max": 0.5295752286911011,
      "constraint_violation_mean": 0.23908878862857819,
      "constraint_violation_relative_max": 0.004344817250967026,
      "constraint_violation_relative_mean": 0.0027325444389134645,
      "eval_wall_seconds": 61.21600540005602,
      "loss": 5.632051033899188e-05,
      "peak_memory_mb": 205.364224,
      "protected_component_loss": 4.8959664127323776e-05,
      "protected_energy": 0.9980462789535522,
      "rollout_protected_relative_drift": 0.6102886199951172,
      "rollout_violation_final": 60.86431121826172,
      "train_wall_seconds": 461.71140570007265,
      "variant": "soft_penalty"
    },
    {
      "complement_component_loss": 8.038973133006611e-13,
      "complement_energy": 8.038972590905524e-13,
      "complement_sigma_proxy": 0.018999822437763214,
      "constraint_violation_max": 9.680617222329602e-05,
      "constraint_violation_mean": 8.58080165926367e-05,
      "constraint_violation_relative_max": 1.1887450455105864e-06,
      "constraint_violation_relative_mean": 9.86804252534057e-07,
      "eval_wall_seconds": 72.79879310005344,
      "loss": 2.7395726647228003e-05,
      "peak_memory_mb": 336.779264,
      "protected_component_loss": 2.7395726647228003e-05,
      "protected_energy": 0.9996663928031921,
      "rollout_protected_relative_drift": 0.15576539933681488,
      "rollout_violation_final": 7.448485121130943e-05,
      "train_wall_seconds": 1045.2681789998896,
      "variant": "output_projection"
    },
    {
      "complement_component_loss": 1.2979917704894484e-12,
      "complement_energy": 1.2979916620692311e-12,
      "complement_sigma_proxy": 0.02521548792719841,
      "constraint_violation_max": 0.0001164096174761653,
      "constraint_violation_mean": 0.0001055221728165634,
      "constraint_violation_relative_max": 1.4352916650750558e-06,
      "constraint_violation_relative_mean": 1.214593680742837e-06,
      "eval_wall_seconds": 82.63236519997008,
      "loss": 3.203183223376982e-05,
      "peak_memory_mb": 480.105472,
      "protected_component_loss": 3.203182859579101e-05,
      "protected_energy": 0.9957411289215088,
      "rollout_protected_relative_drift": 0.13539867103099823,
      "rollout_violation_final": 9.406010212842375e-05,
      "train_wall_seconds": 1583.5399219000246,
      "variant": "layerwise_projection"
    },
    {
      "complement_component_loss": 1.0260259137697964e-19,
      "complement_energy": 5.141228329341398e-20,
      "complement_sigma_proxy": 0.5748064517974854,
      "constraint_violation_max": 3.3766173146432266e-06,
      "constraint_violation_mean": 2.401751544311992e-06,
      "constraint_violation_relative_max": 2.848979363534454e-08,
      "constraint_violation_relative_mean": 2.695665912710865e-08,
      "eval_wall_seconds": 141.14815509994514,
      "loss": 2.4516652047168463e-05,
      "peak_memory_mb": 929.811456,
      "protected_component_loss": 2.451665022817906e-05,
      "protected_energy": 1.0004099607467651,
      "rollout_protected_relative_drift": 6.973176480684629e-10,
      "rollout_violation_final": 3.2825282687554136e-06,
      "train_wall_seconds": 3519.3468132000417,
      "variant": "split_gap_protected"
    }
  ],
  "validation": {
    "constraint": "external_data\\pdebench_ns\\ns_incomp_64x64_divergence.npz",
    "constraint_codim": 4096,
    "constraint_dim": 8192,
    "data": "external_data\\pdebench_ns\\ns_incomp_64x64_pairs.npz",
    "dtype": "torch.float32",
    "errors": [],
    "flat_dim": 8192,
    "input_constraint_violation_mean": 3.332201231387444e-06,
    "input_constraint_violation_relative_mean": 2.7389816636969044e-08,
    "input_shape": [
      2,
      64,
      64
    ],
    "num_samples": 1024,
    "ok": true,
    "target_constraint_violation_max": 3.3625135529291583e-06,
    "target_constraint_violation_mean": 3.3089256703533465e-06,
    "target_constraint_violation_relative_max": 2.7619975639936456e-08,
    "target_constraint_violation_relative_mean": 2.7238073130320117e-08,
    "target_shape": [
      2,
      64,
      64
    ]
  }
}