complement_component_loss,complement_energy,complement_sigma_proxy,constraint_violation_max,constraint_violation_mean,constraint_violation_relative_max,constraint_violation_relative_mean,eval_wall_seconds,loss,peak_memory_mb,protected_component_loss,protected_energy,rollout_protected_relative_drift,rollout_violation_final,train_wall_seconds,variant
1.6180916645680554e-05,1.6180916645680554e-05,0.8856434226036072,0.959174633026123,0.33327561616897583,0.007858514785766602,0.0037431439850479364,60.25856740004383,4.403067578095943e-05,205.364224,2.7849668185808696e-05,0.9988085627555847,0.47518977522850037,50.567596435546875,482.9872097999323,vanilla
7.360737981798593e-06,7.360737981798593e-06,0.8337897658348083,0.5295752286911011,0.23908878862857819,0.004344817250967026,0.0027325444389134645,61.21600540005602,5.632051033899188e-05,205.364224,4.8959664127323776e-05,0.9980462789535522,0.6102886199951172,60.86431121826172,461.71140570007265,soft_penalty
8.038973133006611e-13,8.038972590905524e-13,0.018999822437763214,9.680617222329602e-05,8.58080165926367e-05,1.1887450455105864e-06,9.86804252534057e-07,72.79879310005344,2.7395726647228003e-05,336.779264,2.7395726647228003e-05,0.9996663928031921,0.15576539933681488,7.448485121130943e-05,1045.2681789998896,output_projection
1.2979917704894484e-12,1.2979916620692311e-12,0.02521548792719841,0.0001164096174761653,0.0001055221728165634,1.4352916650750558e-06,1.214593680742837e-06,82.63236519997008,3.203183223376982e-05,480.105472,3.203182859579101e-05,0.9957411289215088,0.13539867103099823,9.406010212842375e-05,1583.5399219000246,layerwise_projection
1.0260259137697964e-19,5.141228329341398e-20,0.5748064517974854,3.3766173146432266e-06,2.401751544311992e-06,2.848979363534454e-08,2.695665912710865e-08,141.14815509994514,2.4516652047168463e-05,929.811456,2.451665022817906e-05,1.0004099607467651,6.973176480684629e-10,3.2825282687554136e-06,3519.3468132000417,split_gap_protected
