complement_component_loss,complement_energy,constraint_violation_max,constraint_violation_mean,loss,protected_component_loss,protected_energy,rollout_protected_relative_drift,rollout_violation_final,variant
0.013253910467028618,0.5706574320793152,32.806034088134766,24.411230087280273,0.026656150817871094,0.013402244076132774,0.44176965951919556,0.8300735950469971,32.407718658447266,vanilla
0.04637715220451355,0.4365313947200775,31.13765525817871,21.41547393798828,0.11643366515636444,0.07005651295185089,0.43197745084762573,1.5210466384887695,39.13493728637695,soft_penalty
0.5658716559410095,4.420297407183721e-13,4.2989104258595034e-05,3.639843635028228e-05,0.5798274874687195,0.013955788686871529,0.43711575865745544,0.8385238647460938,2.0738012608489953e-05,output_projection
0.5658716559410095,4.420297407183721e-13,4.2989104258595034e-05,3.639843635028228e-05,0.5798274874687195,0.013955788686871529,0.43711575865745544,0.8385238647460938,2.0738012608489953e-05,layerwise_projection
0.007396937347948551,0.5641142129898071,31.476917266845703,24.16347312927246,0.013166683726012707,0.005769748706370592,0.43753552436828613,9.691128752820077e-07,22.74361801147461,split_gap_protected
