{
  "config": {
    "constraint": "external_data/rayleigh_benard/rb_velocity_16x16_divergence.npz",
    "data": "external_data/rayleigh_benard/rb_velocity_16x16_pairs.npz",
    "implicit_constraint": true,
    "model": {
      "core": "patch_transformer",
      "depth": 1,
      "field_shape": [
        2,
        16,
        16
      ],
      "num_heads": 4,
      "patch_embed_dim": 32,
      "patch_layers": 1,
      "patch_size": 4
    },
    "output_dir": "runs/rayleigh_benard_16x16",
    "training": {
      "batch_size": 16,
      "device": "cpu",
      "epochs": 2,
      "lr": 0.001,
      "penalty_weight": 10.0,
      "seed": 0,
      "val_fraction": 0.2
    },
    "variants": [
      "vanilla",
      "soft_penalty",
      "output_projection",
      "layerwise_projection",
      "split_gap_protected"
    ]
  },
  "results": [
    {
      "complement_component_loss": 0.013253910467028618,
      "complement_energy": 0.5706574320793152,
      "constraint_violation_max": 32.806034088134766,
      "constraint_violation_mean": 24.411230087280273,
      "loss": 0.026656150817871094,
      "protected_component_loss": 0.013402244076132774,
      "protected_energy": 0.44176965951919556,
      "rollout_protected_relative_drift": 0.8300735950469971,
      "rollout_violation_final": 32.407718658447266,
      "variant": "vanilla"
    },
    {
      "complement_component_loss": 0.04637715220451355,
      "complement_energy": 0.4365313947200775,
      "constraint_violation_max": 31.13765525817871,
      "constraint_violation_mean": 21.41547393798828,
      "loss": 0.11643366515636444,
      "protected_component_loss": 0.07005651295185089,
      "protected_energy": 0.43197745084762573,
      "rollout_protected_relative_drift": 1.5210466384887695,
      "rollout_violation_final": 39.13493728637695,
      "variant": "soft_penalty"
    },
    {
      "complement_component_loss": 0.5658716559410095,
      "complement_energy": 4.420297407183721e-13,
      "constraint_violation_max": 4.2989104258595034e-05,
      "constraint_violation_mean": 3.639843635028228e-05,
      "loss": 0.5798274874687195,
      "protected_component_loss": 0.013955788686871529,
      "protected_energy": 0.43711575865745544,
      "rollout_protected_relative_drift": 0.8385238647460938,
      "rollout_violation_final": 2.0738012608489953e-05,
      "variant": "output_projection"
    },
    {
      "complement_component_loss": 0.5658716559410095,
      "complement_energy": 4.420297407183721e-13,
      "constraint_violation_max": 4.2989104258595034e-05,
      "constraint_violation_mean": 3.639843635028228e-05,
      "loss": 0.5798274874687195,
      "protected_component_loss": 0.013955788686871529,
      "protected_energy": 0.43711575865745544,
      "rollout_protected_relative_drift": 0.8385238647460938,
      "rollout_violation_final": 2.0738012608489953e-05,
      "variant": "layerwise_projection"
    },
    {
      "complement_component_loss": 0.007396937347948551,
      "complement_energy": 0.5641142129898071,
      "constraint_violation_max": 31.476917266845703,
      "constraint_violation_mean": 24.16347312927246,
      "loss": 0.013166683726012707,
      "protected_component_loss": 0.005769748706370592,
      "protected_energy": 0.43753552436828613,
      "rollout_protected_relative_drift": 9.691128752820077e-07,
      "rollout_violation_final": 22.74361801147461,
      "variant": "split_gap_protected"
    }
  ],
  "validation": {
    "constraint": "external_data\\rayleigh_benard\\rb_velocity_16x16_divergence.npz",
    "constraint_codim": 256,
    "constraint_dim": 512,
    "data": "external_data\\rayleigh_benard\\rb_velocity_16x16_pairs.npz",
    "dtype": "torch.float32",
    "errors": [],
    "flat_dim": 512,
    "input_constraint_violation_mean": 20.72456932067871,
    "input_shape": [
      2,
      16,
      16
    ],
    "num_samples": 160,
    "ok": true,
    "target_constraint_violation_max": 31.23702621459961,
    "target_constraint_violation_mean": 24.24884796142578,
    "target_shape": [
      2,
      16,
      16
    ]
  }
}