{
  "config": {
    "core_type": "mlp",
    "depth": 2,
    "epochs": 60,
    "lr": 0.002,
    "penalty_weight": 10.0,
    "seed": 0
  },
  "dataset": {
    "codim": 8,
    "complement_scale": 0.35,
    "dataset": "edge_flow_cycle",
    "dim": 8,
    "num_nodes": 8,
    "num_samples": 160,
    "train_samples": 120
  },
  "experiment": "edge_flow_sanity",
  "results": [
    {
      "codim": 8,
      "commutator_error": 0.0,
      "commutator_error_incompatible": 0.41421356237300927,
      "complement_component_loss": 0.004986192615127615,
      "complement_leakage": 0.12527580489848844,
      "complement_sigma_proxy": 0.5640589845372765,
      "constraint_violation_max": 0.6719014758119608,
      "constraint_violation_mean": 0.2697066948029455,
      "constraint_violation_p95": 0.5556024045610884,
      "core_type": "mlp",
      "dim": 8,
      "gap_lambda_min_plus": 0.5857864376269047,
      "gap_nullity": 1,
      "gap_ratio": 0.14644660940672616,
      "protected_component_loss": 0.0007817324910903555,
      "protected_leakage": 0.7676858609532978,
      "rollout_protected_relative_drift": 0.3149017419305666,
      "rollout_violation_final": 0.5358653405390663,
      "rollout_violation_max": 0.5358653405390663,
      "rollout_violation_mean": 0.45965372430473495,
      "routing_commutator_error": 0.0,
      "routing_commutator_error_random": 0.6093691343615123,
      "target_constraint_violation_mean": 2.146170074394957e-15,
      "test_loss": 0.005767925106217969,
      "train_loss": 0.004063914927941235,
      "train_pred_loss": 0.004063914927941235,
      "train_pred_loss_after_step": 0.003961887181028657,
      "variant": "vanilla"
    },
    {
      "codim": 8,
      "commutator_error": 0.0,
      "commutator_error_incompatible": 0.41421356237300927,
      "complement_component_loss": 0.01021122328437026,
      "complement_leakage": 0.5983391482778201,
      "complement_sigma_proxy": 1.5350695148655578,
      "constraint_violation_max": 0.6258006727758213,
      "constraint_violation_mean": 0.34755653192778413,
      "constraint_violation_p95": 0.599020101806485,
      "core_type": "mlp",
      "dim": 8,
      "gap_lambda_min_plus": 0.5857864376269047,
      "gap_nullity": 1,
      "gap_ratio": 0.14644660940672616,
      "protected_component_loss": 0.008504269988526904,
      "protected_leakage": 0.9290078166355057,
      "rollout_protected_relative_drift": 0.6610470494792754,
      "rollout_violation_final": 0.8099964884505311,
      "rollout_violation_max": 0.8099964884505311,
      "rollout_violation_mean": 0.6405559894061593,
      "routing_commutator_error": 0.0,
      "routing_commutator_error_random": 0.6093691343615123,
      "target_constraint_violation_mean": 2.146170074394957e-15,
      "test_loss": 0.018715493272897163,
      "train_loss": 0.141267442954217,
      "train_pred_loss": 0.016470742908559134,
      "train_pred_loss_after_step": 0.01608253447857745,
      "variant": "soft_penalty"
    },
    {
      "codim": 8,
      "commutator_error": 0.0,
      "commutator_error_incompatible": 0.41421356237300927,
      "complement_component_loss": 2.789354400329612e-31,
      "complement_leakage": 0.11776217957945116,
      "complement_sigma_proxy": 2.109242010669357e-12,
      "constraint_violation_max": 3.319548277974883e-15,
      "constraint_violation_mean": 1.388763631149305e-15,
      "constraint_violation_p95": 2.303533969745166e-15,
      "core_type": "mlp",
      "dim": 8,
      "gap_lambda_min_plus": 0.5857864376269047,
      "gap_nullity": 1,
      "gap_ratio": 0.14644660940672616,
      "protected_component_loss": 0.00031904798185079455,
      "protected_leakage": 1.275966762492336e-15,
      "rollout_protected_relative_drift": 0.29203516687409736,
      "rollout_violation_final": 1.1998102913505313e-15,
      "rollout_violation_max": 1.3194544541394515e-15,
      "rollout_violation_mean": 1.2009698816532056e-15,
      "routing_commutator_error": 0.0,
      "routing_commutator_error_random": 0.6093691343615123,
      "target_constraint_violation_mean": 2.146170074394957e-15,
      "test_loss": 0.0003190479818507944,
      "train_loss": 8.930555003754982e-05,
      "train_pred_loss": 8.930555003754982e-05,
      "train_pred_loss_after_step": 9.005648295587068e-05,
      "variant": "output_projection"
    },
    {
      "codim": 8,
      "commutator_error": 0.0,
      "commutator_error_incompatible": 0.41421356237300927,
      "complement_component_loss": 2.084779376137922e-31,
      "complement_leakage": 0.10920403290422044,
      "complement_sigma_proxy": 2.5476195061260355e-12,
      "constraint_violation_max": 2.3128906185831588e-15,
      "constraint_violation_mean": 8.813990165986904e-16,
      "constraint_violation_p95": 1.8540611187679217e-15,
      "core_type": "mlp",
      "dim": 8,
      "gap_lambda_min_plus": 0.5857864376269047,
      "gap_nullity": 1,
      "gap_ratio": 0.14644660940672616,
      "protected_component_loss": 0.00011670987461972727,
      "protected_leakage": 3.6216682281446693e-16,
      "rollout_protected_relative_drift": 0.14212224369669033,
      "rollout_violation_final": 8.370868201242899e-16,
      "rollout_violation_max": 8.443251813322111e-16,
      "rollout_violation_mean": 8.323269882015443e-16,
      "routing_commutator_error": 0.0,
      "routing_commutator_error_random": 0.6093691343615123,
      "target_constraint_violation_mean": 2.146170074394957e-15,
      "test_loss": 0.00011670987461972737,
      "train_loss": 9.103487988908204e-05,
      "train_pred_loss": 9.103487988908204e-05,
      "train_pred_loss_after_step": 8.654720571161259e-05,
      "variant": "layerwise_projection"
    },
    {
      "codim": 8,
      "commutator_error": 0.0,
      "commutator_error_incompatible": 0.41421356237300927,
      "complement_component_loss": 2.067046642365174e-31,
      "complement_leakage": 3.76079087813904e-17,
      "complement_sigma_proxy": 1.4438381839812512e-12,
      "constraint_violation_max": 2.42222067173519e-15,
      "constraint_violation_mean": 8.24851805144025e-16,
      "constraint_violation_p95": 1.7631210350663913e-15,
      "core_type": "mlp",
      "dim": 8,
      "gap_lambda_min_plus": 0.5857864376269047,
      "gap_nullity": 1,
      "gap_ratio": 0.14644660940672616,
      "protected_component_loss": 3.6196950525096664e-33,
      "protected_leakage": 8.617927446923232e-17,
      "rollout_protected_relative_drift": 5.416751849622533e-16,
      "rollout_violation_final": 7.870669580199955e-16,
      "rollout_violation_max": 7.885267487458049e-16,
      "rollout_violation_mean": 7.862484639663205e-16,
      "routing_commutator_error": 0.0,
      "routing_commutator_error_random": 0.6093691343615123,
      "target_constraint_violation_mean": 2.146170074394957e-15,
      "test_loss": 2.095628446612056e-31,
      "train_loss": 2.3499956283437424e-31,
      "train_pred_loss": 2.3499956283437424e-31,
      "train_pred_loss_after_step": 2.3499956283437424e-31,
      "variant": "split_gap_protected"
    }
  ]
}