{
  "config": {
    "core_type": "mlp",
    "depth": 2,
    "epochs": 80,
    "lr": 0.002,
    "penalty_weight": 10.0,
    "seed": 0
  },
  "dataset": {
    "codim": 8,
    "complement_scale": 0.4,
    "dataset": "edge_flow_cycle",
    "dim": 8,
    "dynamics_scale": 0.7,
    "num_nodes": 8,
    "num_samples": 192,
    "task": "complement_dynamics",
    "train_samples": 144
  },
  "experiment": "edge_flow_complement",
  "results": [
    {
      "codim": 8,
      "commutator_error": 0.0,
      "commutator_error_incompatible": 0.41421356237300927,
      "complement_component_loss": 0.00650031392236728,
      "complement_leakage": 0.091254711451228,
      "complement_sigma_proxy": 1.0950996128478703,
      "constraint_violation_max": 1.8055089502602597,
      "constraint_violation_mean": 1.0767874919031455,
      "constraint_violation_p95": 1.6494873387120552,
      "core_type": "mlp",
      "dim": 8,
      "gap_lambda_min_plus": 0.5857864376269047,
      "gap_nullity": 1,
      "gap_ratio": 0.14644660940672616,
      "protected_component_loss": 0.00035502862048188507,
      "protected_leakage": 0.8946496450833116,
      "rollout_protected_relative_drift": 0.2750463073672363,
      "rollout_violation_final": 1.2821609080700385,
      "rollout_violation_max": 1.2821609080700385,
      "rollout_violation_mean": 1.1453960395785188,
      "routing_commutator_error": 0.0,
      "routing_commutator_error_random": 0.6093691343615123,
      "target_constraint_violation_mean": 1.046430563032352,
      "test_loss": 0.0068553425428491644,
      "train_loss": 0.004480948577475004,
      "train_pred_loss": 0.004480948577475004,
      "train_pred_loss_after_step": 0.004424353605900115,
      "variant": "vanilla"
    },
    {
      "codim": 8,
      "commutator_error": 0.0,
      "commutator_error_incompatible": 0.41421356237300927,
      "complement_component_loss": 0.063803339506616,
      "complement_leakage": 0.49759706225641603,
      "complement_sigma_proxy": 0.9095423855130809,
      "constraint_violation_max": 0.8952415554235181,
      "constraint_violation_mean": 0.3392638125250405,
      "constraint_violation_p95": 0.6910471486733857,
      "core_type": "mlp",
      "dim": 8,
      "gap_lambda_min_plus": 0.5857864376269047,
      "gap_nullity": 1,
      "gap_ratio": 0.14644660940672616,
      "protected_component_loss": 0.00608281935376741,
      "protected_leakage": 0.9272962132459643,
      "rollout_protected_relative_drift": 0.689905690506276,
      "rollout_violation_final": 0.5945583637074601,
      "rollout_violation_max": 0.7984444498177543,
      "rollout_violation_mean": 0.5869855631640003,
      "routing_commutator_error": 0.0,
      "routing_commutator_error_random": 0.6093691343615123,
      "target_constraint_violation_mean": 1.046430563032352,
      "test_loss": 0.06988615886038341,
      "train_loss": 0.18628982801780014,
      "train_pred_loss": 0.07370852155665987,
      "train_pred_loss_after_step": 0.07356738594544526,
      "variant": "soft_penalty"
    },
    {
      "codim": 8,
      "commutator_error": 0.0,
      "commutator_error_incompatible": 0.41421356237300927,
      "complement_component_loss": 0.06464945866976624,
      "complement_leakage": 0.04271018002960425,
      "complement_sigma_proxy": 2.5305559091608368e-12,
      "constraint_violation_max": 3.0485681130056856e-15,
      "constraint_violation_mean": 1.4733555521118705e-15,
      "constraint_violation_p95": 2.250237510791919e-15,
      "core_type": "mlp",
      "dim": 8,
      "gap_lambda_min_plus": 0.5857864376269047,
      "gap_nullity": 1,
      "gap_ratio": 0.14644660940672616,
      "protected_component_loss": 0.00011054084909563229,
      "protected_leakage": 1.3044466096292389e-15,
      "rollout_protected_relative_drift": 0.24404827520121447,
      "rollout_violation_final": 1.2656934557796806e-15,
      "rollout_violation_max": 1.3572604846635372e-15,
      "rollout_violation_mean": 1.2802925488768588e-15,
      "routing_commutator_error": 0.0,
      "routing_commutator_error_random": 0.6093691343615123,
      "target_constraint_violation_mean": 1.046430563032352,
      "test_loss": 0.06475999951886184,
      "train_loss": 0.07238679169092802,
      "train_pred_loss": 0.07238679169092802,
      "train_pred_loss_after_step": 0.07238609841070096,
      "variant": "output_projection"
    },
    {
      "codim": 8,
      "commutator_error": 0.0,
      "commutator_error_incompatible": 0.41421356237300927,
      "complement_component_loss": 0.06464945866976622,
      "complement_leakage": 0.07554648366613669,
      "complement_sigma_proxy": 2.7331669939795558e-12,
      "constraint_violation_max": 2.123981709368671e-15,
      "constraint_violation_mean": 8.37970008342022e-16,
      "constraint_violation_p95": 1.7439397493697145e-15,
      "core_type": "mlp",
      "dim": 8,
      "gap_lambda_min_plus": 0.5857864376269047,
      "gap_nullity": 1,
      "gap_ratio": 0.14644660940672616,
      "protected_component_loss": 7.052611535091672e-05,
      "protected_leakage": 3.613631844499572e-16,
      "rollout_protected_relative_drift": 0.04987938442450495,
      "rollout_violation_final": 9.752218156070626e-16,
      "rollout_violation_max": 9.868748606570205e-16,
      "rollout_violation_mean": 9.710303872042454e-16,
      "routing_commutator_error": 0.0,
      "routing_commutator_error_random": 0.6093691343615123,
      "target_constraint_violation_mean": 1.046430563032352,
      "test_loss": 0.0647199847851171,
      "train_loss": 0.07238607371605384,
      "train_pred_loss": 0.07238607371605384,
      "train_pred_loss_after_step": 0.07238464227077407,
      "variant": "layerwise_projection"
    },
    {
      "codim": 8,
      "commutator_error": 0.0,
      "commutator_error_incompatible": 0.41421356237300927,
      "complement_component_loss": 0.0036719658458212495,
      "complement_leakage": 9.722594292763557e-16,
      "complement_sigma_proxy": 1.058206319967566,
      "constraint_violation_max": 1.7476232432545862,
      "constraint_violation_mean": 1.053619491674806,
      "constraint_violation_p95": 1.690463823145446,
      "core_type": "mlp",
      "dim": 8,
      "gap_lambda_min_plus": 0.5857864376269047,
      "gap_nullity": 1,
      "gap_ratio": 0.14644660940672616,
      "protected_component_loss": 5.350709225620954e-33,
      "protected_leakage": 5.644884988378725e-12,
      "rollout_protected_relative_drift": 8.950270387424137e-16,
      "rollout_violation_final": 1.187603482840217,
      "rollout_violation_max": 1.187603482840217,
      "rollout_violation_mean": 1.076266406056847,
      "routing_commutator_error": 0.0,
      "routing_commutator_error_random": 0.6093691343615123,
      "target_constraint_violation_mean": 1.046430563032352,
      "test_loss": 0.0036719658458212495,
      "train_loss": 0.0018576496719847407,
      "train_pred_loss": 0.0018576496719847407,
      "train_pred_loss_after_step": 0.001838702734597667,
      "variant": "split_gap_protected"
    }
  ]
}